pid,emergencycontactname,membershiptype,membershipexpirydate
261,Hannah Sanchez,2,2027-04-29
134,Adriana Davis,2,2026-08-10
360,Stephanie King,2,2027-02-06
628,Thomas Welch,2,2025-12-29
1048,Annette Mcmillan,2,2025-05-25
257,Dakota Hayden,3,2026-09-01
838,Kristin Jones,1,2026-03-29
671,Edward Ferrell,2,2025-06-19
568,James Smith,1,2026-06-15
376,Luis Taylor,3,2025-06-14
187,Kyle Stevenson,2,2026-09-02
739,David Haynes,3,2026-05-11
291,Paul Wagner,1,2026-12-31
103,Jody Dillon,2,2027-04-18
9,Miguel Marquez,2,2025-07-02
172,Joseph Macias,2,2025-10-26
66,Christopher Lee,3,2025-07-27
598,Donna Crawford,3,2026-12-09
224,Gloria Gonzalez,2,2025-07-14
401,Elizabeth Fields,1,2025-11-10
408,Robert Smith,2,2025-09-09
741,Jason Johnson,1,2026-02-19
632,Mitchell Martin,3,2026-06-25
1092,Mike Jones,3,2027-02-09
1187,Kayla West,2,2027-04-26
799,Thomas Diaz,3,2026-12-03
147,Anita Meyers,1,2025-10-28
1042,John Bailey,2,2026-06-20
957,Molly Orr,1,2026-12-12
18,Peter Kennedy,3,2026-04-22
432,Danny Obrien,2,2025-10-21
901,Chelsey Hendrix,3,2026-02-04
1113,Sydney Price,2,2027-02-12
410,Joseph Ruiz,1,2025-07-13
1044,Timothy Dominguez,3,2025-09-13
199,Michael Bowen,1,2026-08-30
84,Mario Robinson,1,2027-04-14
282,Kaitlyn Ward,3,2025-07-04
1126,Nathan Powers,2,2025-11-11
717,Jennifer Johnson,1,2027-02-20
14,David Miles,1,2026-01-09
599,Taylor Wilson,2,2025-11-05
627,Susan Simmons,1,2025-09-07
1193,David White,1,2027-03-06
670,Cassandra Carter,2,2026-08-25
321,Dylan James,1,2026-09-06
916,Courtney Morgan,1,2025-12-25
864,Michael Grant,2,2026-09-17
443,Jason Norton,1,2026-12-02
263,Sheila Krueger,3,2026-12-04
47,Claire Bailey,1,2026-12-01
453,Christopher Carey,3,2026-07-04
1144,Jeremy Bradley,2,2026-07-21
757,Ashley Garcia,1,2026-04-09
131,Jasmine Fuentes,3,2026-12-18
334,Christopher Henderson,3,2025-07-09
668,Aaron Greer,2,2026-09-08
138,Christy Knight,3,2026-07-17
720,Robert Clark,1,2025-07-23
754,Kelly Ortiz,2,2026-05-25
478,Keith Page,2,2025-05-13
168,Lisa Davis,1,2027-03-15
777,Edwin Knight,1,2027-03-14
524,Robert Pennington,2,2026-09-25
579,Tara Wilkinson,3,2026-12-09
529,Scott Ayala,2,2025-06-04
28,Kurt Harper,2,2027-04-20
912,Theresa Delgado,3,2025-12-06
925,Kimberly Evans,3,2025-12-25
986,Gary Gilbert,2,2027-02-23
1151,Joshua Whitney,3,2025-07-22
10,Terri Bailey,2,2026-10-10
723,Cheryl Dixon,1,2027-04-17
1140,Thomas Hill,2,2025-08-18
589,Nathan Zavala,2,2026-09-21
862,Sandra Anderson,1,2025-07-06
615,Phillip Giles,3,2026-11-20
1052,Richard Trujillo,3,2025-09-06
645,Larry Chen,1,2025-08-25
698,Dorothy Anderson,2,2027-02-06
371,Jeffrey Mccormick,3,2025-05-11
1012,Sarah Roberts,2,2026-07-11
1108,Robert Ramos,3,2025-11-01
965,Eric Garcia,3,2025-12-02
179,Collin Shaffer,2,2025-06-19
348,Richard Shea,2,2026-07-24
13,Kaitlyn Wood,1,2025-11-03
484,Linda Harrington,2,2026-05-12
59,Brian Robbins,3,2025-10-28
458,Brittany Obrien,3,2026-11-07
237,Eric Carter,3,2025-08-05
1074,Wendy Arnold,2,2026-04-17
493,Matthew Mcpherson,2,2026-02-24
876,Rebecca Alexander,3,2026-02-13
30,Jeffery Tanner,3,2025-08-16
894,Robert Fitzgerald,3,2025-09-27
789,Amber Gutierrez,2,2025-06-02
657,Kerry Taylor,3,2025-06-30
682,Robin Dixon,1,2026-04-28
743,Chad Harrison,3,2027-01-26
397,Christopher Mckee,3,2025-11-02
8,James Wilson,2,2025-10-31
77,Joann Trujillo,3,2026-01-12
940,Joy Serrano,2,2027-04-12
213,Timothy Blair,3,2025-08-27
915,Rebecca Contreras,2,2025-12-20
1133,John Wu,2,2026-09-07
1197,Michelle Jackson,2,2027-04-25
689,Morgan Pearson,1,2027-02-13
656,Amanda Dawson,1,2027-02-22
512,Elizabeth Davis,1,2025-10-27
733,Elizabeth Macdonald,1,2027-03-08
83,Chad Phillips,3,2025-07-18
475,Jonathan Hopkins,1,2025-06-07
651,Michael Roberts,3,2026-12-03
997,Jason Gutierrez,1,2026-11-15
749,Richard Wilson,3,2027-01-10
1065,Crystal Soto,2,2026-05-16
35,Frank Macdonald,2,2026-10-30
851,Mary Carroll,2,2026-10-10
1153,Jacqueline Johnson,3,2025-09-18
502,Tiffany Lambert,2,2027-04-11
1100,Brent Phillips,3,2026-11-17
803,Kenneth Costa,1,2025-10-14
26,Randy Turner,2,2026-03-11
782,Jennifer Cook,3,2025-09-20
402,Todd Knox,2,2025-08-23
639,Allison Cole,1,2025-12-14
1183,Samantha Rose,1,2026-08-24
303,Christopher Gilbert,2,2025-12-04
1138,Jaclyn Burgess,2,2025-06-20
1164,Lauren Stark,1,2025-09-23
60,Timothy Powell,2,2026-06-21
766,Megan Pacheco,3,2026-02-23
1003,Lorraine Perez,3,2026-09-30
379,Paige Rodriguez,2,2026-03-11
305,Lisa Macias,3,2026-11-09
158,Hannah Hogan,3,2027-04-16
296,Mario Rodriguez,2,2026-01-31
1061,Carly Moss,1,2027-04-13
167,Matthew Barajas,3,2026-06-22
289,Meghan Snyder,1,2026-11-29
225,Paul Joseph,3,2026-10-23
919,Shawn Mathews,1,2025-08-18
859,Karen Vazquez,2,2025-10-01
983,Barry Thompson,2,2027-05-02
728,Diane Woods,2,2025-07-02
406,Stacy Howard,2,2025-11-17
735,Jack Robinson,1,2026-09-08
218,Steven Mcintosh,1,2026-06-23
1134,Matthew Gibson,2,2027-01-10
945,Don Rodriguez,1,2025-09-03
160,Ronald Meyer,3,2025-08-17
124,Todd Williams,3,2026-11-24
330,Brian Guzman,3,2026-06-23
1104,Andrew Harris,2,2027-02-25
591,Erin Daniels,1,2025-06-18
760,Karen Williams,2,2027-03-29
25,Joseph Patel,1,2025-08-03
951,Brad Howell,1,2026-04-07
1148,Michele Valdez,3,2027-02-04
151,Kimberly Thompson,1,2027-03-31
318,Kathryn Oconnor,3,2027-01-10
271,Vanessa Hill,1,2026-08-19
1121,Kayla Hardy,2,2026-04-08
710,Melissa Lawrence,1,2025-12-10
982,Christopher Long,3,2026-12-23
1088,Sandra Clark,1,2026-01-16
889,Michael Kelly,3,2025-09-21
233,Paul Anderson,2,2026-11-14
802,Amy Garcia,1,2027-03-16
533,Gerald Davis,2,2027-02-05
200,John Hall,3,2026-12-12
109,Jason Howard,2,2026-10-23
137,Ashley Cunningham,1,2026-02-12
403,Angela Adams,3,2026-02-10
116,Kimberly Benjamin,2,2026-12-27
1079,Harold Garcia,3,2027-01-26
501,Jose Stevens,1,2026-10-09
302,Cynthia Mathis,1,2026-10-26
711,Brian White,3,2026-04-11
791,Jeffrey Cooper,2,2025-11-24
288,Teresa Anderson,2,2026-04-02
762,Kevin Cochran,1,2026-08-22
1112,Angela Smith,2,2026-03-15
1038,Kenneth Ruiz,3,2026-08-31
230,Melissa Reed,2,2025-12-22
136,Gary Gordon,2,2026-01-10
445,Sharon Casey,3,2025-11-21
896,Daniel Grimes,3,2026-12-23
1021,Dwayne Hoffman,2,2025-12-04
82,Allen Mccarty,1,2026-07-17
141,Marie Olson,3,2026-06-12
482,Lisa Obrien,2,2026-03-21
734,Brittney Vazquez,1,2027-01-28
700,Juan Scott,1,2025-09-11
611,Angela Nelson,1,2025-08-09
287,Jeff Jacobson,1,2026-04-30
980,Stacey Lowery,3,2026-08-10
1131,Sarah West,3,2026-03-25
238,Shawn Johnson,2,2027-04-12
1072,Anne Jones,3,2025-07-28
1000,Sandra Torres,1,2025-08-19
265,Mia Tapia,3,2026-09-29
712,Hannah Schmidt,2,2025-08-27
182,Melissa Jensen,1,2025-06-03
722,Morgan Patterson,3,2026-06-06
139,Nicole Hunter,1,2027-04-12
286,Angela Leonard,2,2026-12-31
256,Alexander Mitchell,3,2025-08-29
1084,Russell Pitts,1,2027-01-15
666,Theresa Flores,3,2025-08-27
1028,Colton Joseph,3,2026-07-31
918,April Franco,2,2026-05-19
204,Steven Thomas,2,2025-10-26
833,Lisa Alvarado,3,2026-12-05
770,Rebecca Craig,2,2025-08-07
708,Joshua Warren,3,2025-07-17
1033,Keith Chapman,1,2027-02-10
75,Crystal Mitchell,1,2026-11-02
572,Gerald Webster,2,2025-08-28
1123,Vanessa Mathews,1,2027-04-19
174,James Phillips,1,2025-06-17
88,Kelly Evans,2,2025-12-11
170,Daniel Conley,3,2025-10-13
1161,Erin Jackson,2,2026-09-03
110,Danielle Crawford,2,2026-04-22
718,Candace Zimmerman,2,2026-04-09
849,Jade Robertson,3,2026-05-08
310,Joshua Beck,1,2027-03-16
677,Nicole Bailey,2,2025-10-22
934,Sean Gomez,3,2026-12-28
130,Katie Chang,2,2025-11-29
695,Leah Dalton,1,2027-04-27
301,Stephanie Boyd,2,2025-09-30
212,Tamara Benton,2,2026-10-01
691,Joseph Evans,3,2026-05-17
388,Kelsey Vazquez,2,2025-08-27
58,Lauren Hopkins,3,2027-04-02
928,Thomas Lutz,3,2026-09-09
1111,Sarah Rojas,1,2026-12-01
858,Emily Santos,3,2026-08-12
709,Rebecca Mcintyre,3,2026-08-28
637,Pamela Huang,1,2025-12-02
1185,Jo Garcia,2,2026-12-10
540,Sarah Harrington,2,2027-04-12
1057,Albert Monroe,2,2025-07-11
616,Kevin Alvarez,1,2026-01-22
251,Connor Larson,2,2025-11-25
1195,Larry Gonzalez,3,2026-02-21
900,Andrew Patterson,3,2026-03-31
1139,Harry Hayes,1,2026-02-04
1156,Patrick Marsh,2,2027-04-19
580,William Gibbs,3,2025-08-05
515,David Lamb,2,2027-04-25
765,Stephanie Whitehead,1,2025-08-05
825,Eduardo Harris,3,2025-05-11
850,Marissa Rose,1,2025-11-20
584,Melissa Kelly,2,2026-01-20
699,Tony Carey,1,2025-06-04
460,Jacob Jackson,3,2026-11-06
474,Alexandra Love,3,2026-11-18
278,Dawn Smith,2,2025-09-11
323,Tiffany Mills,3,2026-07-28
498,Devin Mata,3,2026-05-27
314,Kristin Ruiz,1,2026-09-26
845,Kelly Kirk,1,2026-04-03
319,Linda Clayton,1,2025-12-08
326,Daniel Odonnell,2,2027-02-14
101,Nicole Delgado,1,2025-08-11
146,Abigail Collins,3,2027-04-14
255,Daniel Armstrong,1,2026-09-28
612,Sean Lee,3,2026-08-19
1194,Angela Lopez,2,2026-07-14
815,Jennifer Patel,3,2027-04-16
564,Derek Newman,3,2026-10-13
610,Lisa Hansen,1,2026-12-05
195,Michele Knight,2,2025-12-19
546,Kevin Smith,1,2025-11-12
675,Jeanette Tran,2,2026-08-06
466,James Scott,2,2027-01-16
621,Alice Reese,3,2025-07-05
114,Jacob Jones,1,2026-09-18
1046,Johnny Rogers,2,2027-01-02
514,Kenneth Adams,1,2027-04-05
367,Susan Lee,1,2025-07-16
166,Stephen Brown,2,2025-09-19
559,Ashley Clayton,3,2027-04-26
649,Alan Allen,3,2026-11-21
630,Shannon Wheeler,3,2026-05-19
878,Greg Pierce,2,2025-10-04
332,Teresa Patton,2,2025-11-21
640,Sarah Turner,2,2027-03-25
252,Andrew Patrick,3,2025-10-04
162,Christine White,3,2026-06-05
1181,Ashley Hinton,1,2026-01-22
1199,Lee Mora,3,2025-12-19
541,Kyle Stone,1,2026-11-20
520,Trevor Allen,2,2026-10-11
813,Maurice Anderson,3,2025-08-25
578,Karla Solis,2,2025-06-20
551,Tammy Johnson,3,2026-10-09
454,Dylan Smith,2,2025-06-12
62,Larry Allen,2,2027-01-30
209,Jeremy Lawson,1,2026-05-07
554,Chad Holmes,1,2026-02-25
57,Daniel Medina,3,2027-04-19
46,Peter Miller,2,2026-08-22
954,Elizabeth Acevedo,2,2026-11-08
395,Colleen Thomas,2,2026-06-15
67,Jacqueline Avila,3,2025-06-17
90,Nicole Clark,1,2025-09-21
910,Maria Williams,1,2027-01-21
1093,Melanie House,1,2026-05-12
795,Theresa Matthews,3,2025-05-10
897,Michael Harris,3,2026-02-02
1191,Tonya Jones,3,2025-10-02
1106,Alexis Price,1,2027-02-25
1024,Curtis Chen,1,2026-02-09
89,Brianna Davis,2,2025-12-14
207,Kerri Robertson,1,2026-09-22
503,Emily Boyer,3,2025-12-26
538,Alexander Baxter,1,2026-06-04
86,Taylor Medina,1,2026-07-07
820,Carmen Rhodes,3,2026-03-04
678,Allison Figueroa,1,2025-05-12
1077,Aaron Perez,2,2025-10-23
457,James Murphy,1,2025-05-15
87,Eugene Thompson,2,2026-08-07
1165,Sergio Goodwin,2,2025-05-22
1097,Jenna Montoya,3,2026-04-29
378,Jesse Burgess,2,2026-11-03
555,Barbara Smith,1,2026-06-24
157,Lawrence Vargas,3,2025-12-24
56,Andrea Miller,2,2026-08-26
1166,Jennifer Keith,1,2026-07-10
219,Morgan Jackson,3,2025-07-06
812,Jacob Greene,1,2025-08-09
1173,Francisco Terry,2,2026-09-06
125,David Andrews,3,2027-04-02
920,Linda Holmes,2,2026-09-29
463,Courtney Williams,2,2025-05-15
870,Benjamin Solomon,3,2026-03-31
545,Cody Lawson,2,2025-05-24
852,Austin Pugh,3,2025-11-24
161,Peter Gregory,2,2027-01-27
181,Sandy Nelson,3,2025-07-03
1022,Christian Rodriguez,2,2025-07-01
1080,Yolanda Jordan,3,2026-09-29
808,Julie Henry,3,2025-11-04
425,Sherry Kramer,1,2025-05-31
625,Thomas Bass,2,2027-03-15
98,Trevor Mendoza,1,2025-10-25
1168,Kevin Macias,1,2026-09-24
571,Charles Grimes,1,2025-10-13
488,Ronald Daniel,1,2026-10-14
364,Joseph Nguyen,2,2025-10-15
248,Kevin Johnson,2,2025-09-04
601,Reginald Wilson,3,2026-03-09
726,Joanna Fitzgerald,2,2025-05-13
129,Anthony Andrews,3,2027-01-21
848,Vanessa Christensen,2,2026-06-19
1056,Stephen Morris,3,2026-11-11
972,Maureen Collins,1,2026-09-11
534,James Rowland,2,2025-07-28
1132,James Mcpherson,1,2026-07-29
68,Martin Galvan,3,2026-07-13
357,Amy Copeland,2,2027-05-04
155,Anthony Davies,2,2026-01-21
1075,Deborah Frederick,3,2026-12-08
976,Tabitha Vazquez,2,2027-05-07
1152,Darren Stein,1,2026-07-05
975,Katrina Vasquez,1,2026-01-16
788,Robert Bauer,2,2026-03-14
269,Wesley Clark,2,2026-06-12
930,Vanessa Henry,2,2027-01-27
790,Brooke Smith,3,2027-01-14
385,Jay Cobb,1,2025-11-23
366,Lisa Larson,3,2026-03-02
973,Kevin Jackson,1,2027-02-22
197,Dorothy Cisneros,1,2026-08-10
6,Donald King,1,2025-06-23
485,Susan Serrano,1,2026-05-09
631,Kathryn White,3,2026-06-26
705,Alexandra Cline,2,2027-01-07
418,Megan Farmer,2,2026-10-01
1129,Ryan Taylor,2,2025-06-20
118,Jake Cunningham,3,2026-03-17
48,Kelli Williams,3,2025-12-09
913,Richard Trujillo,2,2026-04-21
335,Laura Brooks,1,2027-02-07
1114,Patricia Clark,1,2025-10-09
1029,Kari Hartman,2,2027-04-27
92,Anna Burton,1,2025-05-16
623,Aaron Warren,2,2027-03-02
863,Mary King,1,2026-01-20
429,David Butler,2,2026-02-06
347,Cynthia Johnson,2,2026-12-26
479,Joy Rogers,2,2025-09-09
148,Ashley Martin,3,2027-03-09
